{
  "project_info": {
    "project_number": "224230973619",
    "firebase_url": "https://semester-973b2.firebaseio.com",
    "project_id": "semester-973b2",
    "storage_bucket": "semester-973b2.appspot.com"
  },
  "client": [
    {
      "client_info": {
        "mobilesdk_app_id": "1:224230973619:android:7e74fad0080b3b0ee690c6",
        "android_client_info": {
          "package_name": "com.example.mohan.my_material_app"
        }
      },
      "oauth_client": [
        {
          "client_id": "224230973619-l0cvhshcrnpqdgbviiq4uuf8co8m22ji.apps.googleusercontent.com",
          "client_type": 1,
          "android_info": {
            "package_name": "com.example.mohan.my_material_app",
            "certificate_hash": "d3ca2f3165ec1fe08e51f4a794ae2e590edce161"
          }
        },
        {
          "client_id": "224230973619-c4m24aa8rcc135sepue5o69ef1gbskml.apps.googleusercontent.com",
          "client_type": 3
        }
      ],
      "api_key": [
        {
          "current_key": "AIzaSyAR-Ivmzih0Ok9phSHekXHOw0f4odQKXtE"
        }
      ],
      "services": {
        "appinvite_service": {
          "other_platform_oauth_client": [
            {
              "client_id": "224230973619-c4m24aa8rcc135sepue5o69ef1gbskml.apps.googleusercontent.com",
              "client_type": 3
            }
          ]
        }
      }
    }
  ],
  "configuration_version": "1"
}